{
    "Комедия": 0.037037037037037035,
    "Музыкальные": 0.07407407407407407,
    "Приключения": 0.1111111111111111,
    "Семейный": 0.14814814814814814,
    "Фэнтези": 0.18518518518518517,
    "Детективы": 0.2222222222222222,
    "Боевик": 0.25925925925925924,
    "Романтика": 0.2962962962962963,
    "Драмы": 0.3333333333333333,
    "Фантастика": 0.37037037037037035,
    "Триллер": 0.4074074074074074,
    "Ужасы": 0.4444444444444444,
    "Биография": 0.48148148148148145,
    "Исторические": 0.5185185185185185,
    "Документальный": 0.5555555555555556,
    "Спорт": 0.5925925925925926,
    "Военные": 0.6296296296296297,
    "Вестерн": 0.6666666666666666,
    "Детский": 0.7037037037037037,
    "Короткометражка": 0.7407407407407407,
    "Нуар": 0.7777777777777778,
    "Арт": 0.8148148148148148,
    "Сёнен": 0.8518518518518519,
    "Повседневность": 0.8888888888888888,
    "Школа": 0.9259259259259259,
    "Сёдзё": 0.9629629629629629,
    "Самураи": 1.0
}